Year,Month,Day,OPR_HR,RENEWABLE_TYPE,MW
2025,5,1,1,Solar,0.0
2025,5,1,1,Wind,2894.71
2025,5,1,2,Solar,0.0
2025,5,1,2,Wind,2797.64
2025,5,1,3,Solar,0.0
2025,5,1,3,Wind,2625.29
2025,5,1,4,Solar,0.0
2025,5,1,4,Wind,2381.1299999999997
2025,5,1,5,Solar,0.0
2025,5,1,5,Wind,2136.13
2025,5,1,6,Solar,3.1
2025,5,1,6,Wind,1925.07
2025,5,1,7,Solar,2010.9999999999998
2025,5,1,7,Wind,1712.95
2025,5,1,8,Solar,8286.77
2025,5,1,8,Wind,1436.96
2025,5,1,9,Solar,13989.73
2025,5,1,9,Wind,1077.3999999999999
2025,5,1,10,Solar,16325.52
2025,5,1,10,Wind,740.73
2025,5,1,11,Solar,17237.67
2025,5,1,11,Wind,554.93
2025,5,1,12,Solar,17595.02
2025,5,1,12,Wind,512.3199999999999
2025,5,1,13,Solar,17448.83
2025,5,1,13,Wind,532.31
2025,5,1,14,Solar,17011.57
2025,5,1,14,Wind,632.82
2025,5,1,15,Solar,16323.559999999998
2025,5,1,15,Wind,876.12
2025,5,1,16,Solar,15218.0
2025,5,1,16,Wind,1310.06
2025,5,1,17,Solar,13598.119999999999
2025,5,1,17,Wind,1907.07
2025,5,1,18,Solar,10232.61
2025,5,1,18,Wind,2379.94
2025,5,1,19,Solar,4407.2
2025,5,1,19,Wind,2582.05
2025,5,1,20,Solar,482.99
2025,5,1,20,Wind,2632.95
2025,5,1,21,Solar,0.0
2025,5,1,21,Wind,2678.97
2025,5,1,22,Solar,0.0
2025,5,1,22,Wind,2679.19
2025,5,1,23,Solar,0.0
2025,5,1,23,Wind,2637.19
2025,5,1,24,Solar,0.0
2025,5,1,24,Wind,2658.78
2025,5,2,1,Solar,0.0
2025,5,2,1,Wind,2803.6699999999996
2025,5,2,2,Solar,0.0
2025,5,2,2,Wind,2899.9300000000003
2025,5,2,3,Solar,0.0
2025,5,2,3,Wind,2954.47
2025,5,2,4,Solar,0.0
2025,5,2,4,Wind,2927.07
2025,5,2,5,Solar,0.0
2025,5,2,5,Wind,2827.31
2025,5,2,6,Solar,3.69
2025,5,2,6,Wind,2659.36
2025,5,2,7,Solar,2482.0099999999998
2025,5,2,7,Wind,2440.33
2025,5,2,8,Solar,9817.619999999999
2025,5,2,8,Wind,2139.7999999999997
2025,5,2,9,Solar,15781.2
2025,5,2,9,Wind,1766.67
2025,5,2,10,Solar,17670.19
2025,5,2,10,Wind,1420.71
2025,5,2,11,Solar,18309.85
2025,5,2,11,Wind,1179.84
2025,5,2,12,Solar,18550.940000000002
2025,5,2,12,Wind,1114.34
2025,5,2,13,Solar,18501.82
2025,5,2,13,Wind,1211.36
2025,5,2,14,Solar,18231.98
2025,5,2,14,Wind,1420.42
2025,5,2,15,Solar,17739.68
2025,5,2,15,Wind,1759.3799999999999
2025,5,2,16,Solar,16982.96
2025,5,2,16,Wind,2145.0
2025,5,2,17,Solar,15760.189999999999
2025,5,2,17,Wind,2591.6
2025,5,2,18,Solar,12237.11
2025,5,2,18,Wind,3053.66
2025,5,2,19,Solar,5384.7
2025,5,2,19,Wind,3313.8700000000003
2025,5,2,20,Solar,613.21
2025,5,2,20,Wind,3400.21
2025,5,2,21,Solar,0.0
2025,5,2,21,Wind,3464.12
2025,5,2,22,Solar,0.0
2025,5,2,22,Wind,3583.75
2025,5,2,23,Solar,0.0
2025,5,2,23,Wind,3732.52
2025,5,2,24,Solar,0.0
2025,5,2,24,Wind,3839.38
2025,5,3,1,Solar,0.0
2025,5,3,1,Wind,3537.9
2025,5,3,2,Solar,0.0
2025,5,3,2,Wind,3322.04
2025,5,3,3,Solar,0.0
2025,5,3,3,Wind,3144.52
2025,5,3,4,Solar,0.0
2025,5,3,4,Wind,3043.1800000000003
2025,5,3,5,Solar,0.0
2025,5,3,5,Wind,2921.12
2025,5,3,6,Solar,3.88
2025,5,3,6,Wind,2804.75
2025,5,3,7,Solar,2052.13
2025,5,3,7,Wind,2742.92
2025,5,3,8,Solar,7588.4
2025,5,3,8,Wind,2692.1
2025,5,3,9,Solar,12255.15
2025,5,3,9,Wind,2570.81
2025,5,3,10,Solar,14594.51
2025,5,3,10,Wind,2465.88
2025,5,3,11,Solar,15870.32
2025,5,3,11,Wind,2411.89
2025,5,3,12,Solar,16401.050000000003
2025,5,3,12,Wind,2375.7999999999997
2025,5,3,13,Solar,16323.78
2025,5,3,13,Wind,2470.5699999999997
2025,5,3,14,Solar,15948.529999999999
2025,5,3,14,Wind,2726.2999999999997
2025,5,3,15,Solar,15355.49
2025,5,3,15,Wind,3046.97
2025,5,3,16,Solar,14387.739999999998
2025,5,3,16,Wind,3370.0599999999995
2025,5,3,17,Solar,12891.859999999999
2025,5,3,17,Wind,3680.82
2025,5,3,18,Solar,9624.53
2025,5,3,18,Wind,3893.7000000000003
2025,5,3,19,Solar,4156.5
2025,5,3,19,Wind,3946.08
2025,5,3,20,Solar,485.57
2025,5,3,20,Wind,3896.6400000000003
2025,5,3,21,Solar,0.0
2025,5,3,21,Wind,3914.8500000000004
2025,5,3,22,Solar,0.0
2025,5,3,22,Wind,3982.73
2025,5,3,23,Solar,0.0
2025,5,3,23,Wind,4014.2999999999997
2025,5,3,24,Solar,0.0
2025,5,3,24,Wind,4038.59
2025,5,4,1,Solar,0.0
2025,5,4,1,Wind,4163.320000000001
2025,5,4,2,Solar,0.0
2025,5,4,2,Wind,4111.22
2025,5,4,3,Solar,0.0
2025,5,4,3,Wind,4053.82
2025,5,4,4,Solar,0.0
2025,5,4,4,Wind,4030.08
2025,5,4,5,Solar,0.0
2025,5,4,5,Wind,4019.75
2025,5,4,6,Solar,3.4
2025,5,4,6,Wind,4040.0400000000004
2025,5,4,7,Solar,1474.82
2025,5,4,7,Wind,4091.07
2025,5,4,8,Solar,6170.130000000001
2025,5,4,8,Wind,4111.7300000000005
2025,5,4,9,Solar,10862.220000000001
2025,5,4,9,Wind,4085.27
2025,5,4,10,Solar,13314.309999999998
2025,5,4,10,Wind,4035.53
2025,5,4,11,Solar,14421.45
2025,5,4,11,Wind,3984.9900000000002
2025,5,4,12,Solar,14802.960000000001
2025,5,4,12,Wind,3939.35
2025,5,4,13,Solar,14695.669999999998
2025,5,4,13,Wind,3908.8500000000004
2025,5,4,14,Solar,14372.41
2025,5,4,14,Wind,3899.6000000000004
2025,5,4,15,Solar,13815.72
2025,5,4,15,Wind,3918.66
2025,5,4,16,Solar,12823.059999999998
2025,5,4,16,Wind,3977.91
2025,5,4,17,Solar,11168.699999999999
2025,5,4,17,Wind,4043.3500000000004
2025,5,4,18,Solar,8032.2300000000005
2025,5,4,18,Wind,4069.7
2025,5,4,19,Solar,3420.64
2025,5,4,19,Wind,4066.72
2025,5,4,20,Solar,430.79
2025,5,4,20,Wind,4028.88
2025,5,4,21,Solar,0.0
2025,5,4,21,Wind,3884.1400000000003
2025,5,4,22,Solar,0.0
2025,5,4,22,Wind,3752.39
2025,5,4,23,Solar,0.0
2025,5,4,23,Wind,3608.59
2025,5,4,24,Solar,0.0
2025,5,4,24,Wind,3435.24
2025,5,5,1,Solar,0.0
2025,5,5,1,Wind,3096.5600000000004
2025,5,5,2,Solar,0.0
2025,5,5,2,Wind,2943.84
2025,5,5,3,Solar,0.0
2025,5,5,3,Wind,2915.08
2025,5,5,4,Solar,0.0
2025,5,5,4,Wind,2952.0899999999997
2025,5,5,5,Solar,0.0
2025,5,5,5,Wind,2967.33
2025,5,5,6,Solar,6.89
2025,5,5,6,Wind,2868.8
2025,5,5,7,Solar,1600.26
2025,5,5,7,Wind,2717.99
2025,5,5,8,Solar,6718.93
2025,5,5,8,Wind,2529.52
2025,5,5,9,Solar,11515.54
2025,5,5,9,Wind,2260.81
2025,5,5,10,Solar,13656.31
2025,5,5,10,Wind,2013.57
2025,5,5,11,Solar,14607.939999999999
2025,5,5,11,Wind,1815.0
2025,5,5,12,Solar,15035.169999999998
2025,5,5,12,Wind,1714.98
2025,5,5,13,Solar,15053.28
2025,5,5,13,Wind,1720.1000000000001
2025,5,5,14,Solar,14802.550000000001
2025,5,5,14,Wind,1818.04
2025,5,5,15,Solar,14202.35
2025,5,5,15,Wind,1996.4200000000003
2025,5,5,16,Solar,13269.8
2025,5,5,16,Wind,2260.69
2025,5,5,17,Solar,12032.42
2025,5,5,17,Wind,2607.39
2025,5,5,18,Solar,9301.85
2025,5,5,18,Wind,2899.98
2025,5,5,19,Solar,4379.59
2025,5,5,19,Wind,2965.79
2025,5,5,20,Solar,672.71
2025,5,5,20,Wind,2910.77
2025,5,5,21,Solar,0.0
2025,5,5,21,Wind,2996.33
2025,5,5,22,Solar,0.0
2025,5,5,22,Wind,3186.62
2025,5,5,23,Solar,0.0
2025,5,5,23,Wind,3310.33
2025,5,5,24,Solar,0.0
2025,5,5,24,Wind,3193.53
2025,5,6,1,Solar,0.0
2025,5,6,1,Wind,3405.97
2025,5,6,2,Solar,0.0
2025,5,6,2,Wind,3008.0
2025,5,6,3,Solar,0.0
2025,5,6,3,Wind,2665.3
2025,5,6,4,Solar,0.0
2025,5,6,4,Wind,2451.75
2025,5,6,5,Solar,0.0
2025,5,6,5,Wind,2261.92
2025,5,6,6,Solar,4.26
2025,5,6,6,Wind,2010.74
2025,5,6,7,Solar,2293.13
2025,5,6,7,Wind,1737.0399999999997
2025,5,6,8,Solar,9009.97
2025,5,6,8,Wind,1440.1
2025,5,6,9,Solar,14642.759999999998
2025,5,6,9,Wind,1205.81
2025,5,6,10,Solar,16699.489999999998
2025,5,6,10,Wind,1121.93
2025,5,6,11,Solar,17483.980000000003
2025,5,6,11,Wind,1137.39
2025,5,6,12,Solar,17870.46
2025,5,6,12,Wind,1274.69
2025,5,6,13,Solar,17915.06
2025,5,6,13,Wind,1603.94
2025,5,6,14,Solar,17776.010000000002
2025,5,6,14,Wind,2062.9
2025,5,6,15,Solar,17445.559999999998
2025,5,6,15,Wind,2606.02
2025,5,6,16,Solar,16652.61
2025,5,6,16,Wind,3165.12
2025,5,6,17,Solar,15257.400000000001
2025,5,6,17,Wind,3506.93
2025,5,6,18,Solar,11868.99
2025,5,6,18,Wind,3538.15
2025,5,6,19,Solar,5481.37
2025,5,6,19,Wind,3382.43
2025,5,6,20,Solar,759.39
2025,5,6,20,Wind,3183.7599999999998
2025,5,6,21,Solar,0.0
2025,5,6,21,Wind,3073.5299999999997
2025,5,6,22,Solar,0.0
2025,5,6,22,Wind,3035.7999999999997
2025,5,6,23,Solar,0.0
2025,5,6,23,Wind,2903.8900000000003
2025,5,6,24,Solar,0.0
2025,5,6,24,Wind,2571.23
2025,5,7,1,Solar,0.0
2025,5,7,1,Wind,1897.96
2025,5,7,2,Solar,0.0
2025,5,7,2,Wind,1628.8999999999999
2025,5,7,3,Solar,0.0
2025,5,7,3,Wind,1403.4199999999998
2025,5,7,4,Solar,0.0
2025,5,7,4,Wind,1200.78
2025,5,7,5,Solar,0.0
2025,5,7,5,Wind,980.78
2025,5,7,6,Solar,3.27
2025,5,7,6,Wind,757.42
2025,5,7,7,Solar,2432.39
2025,5,7,7,Wind,597.38
2025,5,7,8,Solar,9315.880000000001
2025,5,7,8,Wind,532.25
2025,5,7,9,Solar,14967.04
2025,5,7,9,Wind,531.03
2025,5,7,10,Solar,17049.47
2025,5,7,10,Wind,559.73
2025,5,7,11,Solar,17907.8
2025,5,7,11,Wind,588.59
2025,5,7,12,Solar,18311.37
2025,5,7,12,Wind,604.73
2025,5,7,13,Solar,18364.38
2025,5,7,13,Wind,612.36
2025,5,7,14,Solar,18258.18
2025,5,7,14,Wind,656.01
2025,5,7,15,Solar,18062.08
2025,5,7,15,Wind,793.65
2025,5,7,16,Solar,17645.79
2025,5,7,16,Wind,1044.58
2025,5,7,17,Solar,16830.079999999998
2025,5,7,17,Wind,1373.28
2025,5,7,18,Solar,13827.38
2025,5,7,18,Wind,1744.6599999999999
2025,5,7,19,Solar,6666.24
2025,5,7,19,Wind,2136.73
2025,5,7,20,Solar,939.69
2025,5,7,20,Wind,2447.08
2025,5,7,21,Solar,0.0
2025,5,7,21,Wind,2484.88
2025,5,7,22,Solar,0.0
2025,5,7,22,Wind,2328.4300000000003
2025,5,7,23,Solar,0.0
2025,5,7,23,Wind,2181.71
2025,5,7,24,Solar,0.0
2025,5,7,24,Wind,2025.8100000000002
2025,5,8,1,Solar,0.0
2025,5,8,1,Wind,1761.12
2025,5,8,2,Solar,0.0
2025,5,8,2,Wind,1577.93
2025,5,8,3,Solar,0.0
2025,5,8,3,Wind,1391.84
2025,5,8,4,Solar,0.0
2025,5,8,4,Wind,1207.27
2025,5,8,5,Solar,0.0
2025,5,8,5,Wind,1053.4900000000002
2025,5,8,6,Solar,7.08
2025,5,8,6,Wind,895.83
2025,5,8,7,Solar,2954.16
2025,5,8,7,Wind,717.3100000000001
2025,5,8,8,Solar,10621.85
2025,5,8,8,Wind,516.29
2025,5,8,9,Solar,16214.25
2025,5,8,9,Wind,309.71999999999997
2025,5,8,10,Solar,17879.95
2025,5,8,10,Wind,177.03
2025,5,8,11,Solar,18498.95
2025,5,8,11,Wind,141.07999999999998
2025,5,8,12,Solar,18797.97
2025,5,8,12,Wind,145.35999999999999
2025,5,8,13,Solar,18858.780000000002
2025,5,8,13,Wind,164.41
2025,5,8,14,Solar,18808.34
2025,5,8,14,Wind,189.89
2025,5,8,15,Solar,18621.85
2025,5,8,15,Wind,221.79999999999998
2025,5,8,16,Solar,18167.77
2025,5,8,16,Wind,287.84999999999997
2025,5,8,17,Solar,17335.32
2025,5,8,17,Wind,407.46000000000004
2025,5,8,18,Solar,14269.42
2025,5,8,18,Wind,604.0699999999999
2025,5,8,19,Solar,6914.56
2025,5,8,19,Wind,938.0
2025,5,8,20,Solar,1008.13
2025,5,8,20,Wind,1371.04
2025,5,8,21,Solar,0.0
2025,5,8,21,Wind,1697.1100000000001
2025,5,8,22,Solar,0.0
2025,5,8,22,Wind,1829.4599999999998
2025,5,8,23,Solar,0.0
2025,5,8,23,Wind,1828.4600000000003
2025,5,8,24,Solar,0.0
2025,5,8,24,Wind,1742.13
2025,5,9,1,Solar,0.0
2025,5,9,1,Wind,1404.9
2025,5,9,2,Solar,0.0
2025,5,9,2,Wind,1347.02
2025,5,9,3,Solar,0.0
2025,5,9,3,Wind,1291.84
2025,5,9,4,Solar,0.0
2025,5,9,4,Wind,1148.05
2025,5,9,5,Solar,0.0
2025,5,9,5,Wind,904.72
2025,5,9,6,Solar,4.92
2025,5,9,6,Wind,620.27
2025,5,9,7,Solar,3074.4399999999996
2025,5,9,7,Wind,389.74
2025,5,9,8,Solar,10947.51
2025,5,9,8,Wind,248.58
2025,5,9,9,Solar,16540.149999999998
2025,5,9,9,Wind,182.3
2025,5,9,10,Solar,18139.75
2025,5,9,10,Wind,188.31
2025,5,9,11,Solar,18726.75
2025,5,9,11,Wind,247.39
2025,5,9,12,Solar,19002.99
2025,5,9,12,Wind,297.42
2025,5,9,13,Solar,19066.239999999998
2025,5,9,13,Wind,305.34000000000003
2025,5,9,14,Solar,19023.14
2025,5,9,14,Wind,288.99
2025,5,9,15,Solar,18836.29
2025,5,9,15,Wind,269.98
2025,5,9,16,Solar,18386.83
2025,5,9,16,Wind,261.63
2025,5,9,17,Solar,17616.3
2025,5,9,17,Wind,274.90999999999997
2025,5,9,18,Solar,14665.17
2025,5,9,18,Wind,329.71999999999997
2025,5,9,19,Solar,7232.23
2025,5,9,19,Wind,442.76
2025,5,9,20,Solar,1086.3200000000002
2025,5,9,20,Wind,693.76
2025,5,9,21,Solar,0.0
2025,5,9,21,Wind,980.06
2025,5,9,22,Solar,0.0
2025,5,9,22,Wind,1095.8400000000001
2025,5,9,23,Solar,0.0
2025,5,9,23,Wind,1117.06
2025,5,9,24,Solar,0.0
2025,5,9,24,Wind,1124.21
2025,5,10,1,Solar,0.0
2025,5,10,1,Wind,1133.77
2025,5,10,2,Solar,0.0
2025,5,10,2,Wind,1173.9
2025,5,10,3,Solar,0.0
2025,5,10,3,Wind,1248.81
2025,5,10,4,Solar,0.0
2025,5,10,4,Wind,1256.52
2025,5,10,5,Solar,0.0
2025,5,10,5,Wind,1114.6200000000001
2025,5,10,6,Solar,9.82
2025,5,10,6,Wind,937.64
2025,5,10,7,Solar,3157.21
2025,5,10,7,Wind,790.1999999999999
2025,5,10,8,Solar,11046.380000000001
2025,5,10,8,Wind,647.21
2025,5,10,9,Solar,16592.93
2025,5,10,9,Wind,539.21
2025,5,10,10,Solar,18194.760000000002
2025,5,10,10,Wind,474.91
2025,5,10,11,Solar,18791.77
2025,5,10,11,Wind,471.03000000000003
2025,5,10,12,Solar,19059.48
2025,5,10,12,Wind,513.6899999999999
2025,5,10,13,Solar,19113.47
2025,5,10,13,Wind,578.22
2025,5,10,14,Solar,19035.74
2025,5,10,14,Wind,690.24
2025,5,10,15,Solar,18744.269999999997
2025,5,10,15,Wind,878.12
2025,5,10,16,Solar,18171.65
2025,5,10,16,Wind,1106.3899999999999
2025,5,10,17,Solar,17199.4
2025,5,10,17,Wind,1279.3200000000002
2025,5,10,18,Solar,13934.86
2025,5,10,18,Wind,1375.17
2025,5,10,19,Solar,6717.9400000000005
2025,5,10,19,Wind,1445.1
2025,5,10,20,Solar,999.19
2025,5,10,20,Wind,1486.78
2025,5,10,21,Solar,0.0
2025,5,10,21,Wind,1533.7
2025,5,10,22,Solar,0.0
2025,5,10,22,Wind,1635.48
2025,5,10,23,Solar,0.0
2025,5,10,23,Wind,1812.6100000000001
2025,5,10,24,Solar,0.0
2025,5,10,24,Wind,2042.62
2025,5,11,1,Solar,0.0
2025,5,11,1,Wind,2008.58
2025,5,11,2,Solar,0.0
2025,5,11,2,Wind,2199.7599999999998
2025,5,11,3,Solar,0.0
2025,5,11,3,Wind,2290.88
2025,5,11,4,Solar,0.0
2025,5,11,4,Wind,2229.13
2025,5,11,5,Solar,0.0
2025,5,11,5,Wind,2165.1
2025,5,11,6,Solar,7.05
2025,5,11,6,Wind,2085.51
2025,5,11,7,Solar,2664.64
2025,5,11,7,Wind,1961.71
2025,5,11,8,Solar,9616.970000000001
2025,5,11,8,Wind,1768.91
2025,5,11,9,Solar,14973.81
2025,5,11,9,Wind,1496.83
2025,5,11,10,Solar,16918.26
2025,5,11,10,Wind,1321.1299999999999
2025,5,11,11,Solar,17720.420000000002
2025,5,11,11,Wind,1392.81
2025,5,11,12,Solar,18083.69
2025,5,11,12,Wind,1709.72
2025,5,11,13,Solar,18155.68
2025,5,11,13,Wind,2159.45
2025,5,11,14,Solar,18072.86
2025,5,11,14,Wind,2599.15
2025,5,11,15,Solar,17805.42
2025,5,11,15,Wind,2899.7799999999997
2025,5,11,16,Solar,17204.629999999997
2025,5,11,16,Wind,3125.8100000000004
2025,5,11,17,Solar,16115.23
2025,5,11,17,Wind,3379.7900000000004
2025,5,11,18,Solar,13065.81
2025,5,11,18,Wind,3581.22
2025,5,11,19,Solar,6478.0
2025,5,11,19,Wind,3621.7099999999996
2025,5,11,20,Solar,1042.49
2025,5,11,20,Wind,3480.5
2025,5,11,21,Solar,0.0
2025,5,11,21,Wind,3311.65
2025,5,11,22,Solar,0.0
2025,5,11,22,Wind,3287.5400000000004
2025,5,11,23,Solar,0.0
2025,5,11,23,Wind,3421.7400000000002
2025,5,11,24,Solar,0.0
2025,5,11,24,Wind,3629.2699999999995
2025,5,12,1,Solar,0.0
2025,5,12,1,Wind,3625.93
2025,5,12,2,Solar,0.0
2025,5,12,2,Wind,3611.6000000000004
2025,5,12,3,Solar,0.0
2025,5,12,3,Wind,3589.42
2025,5,12,4,Solar,0.0
2025,5,12,4,Wind,3498.8199999999997
2025,5,12,5,Solar,0.0
2025,5,12,5,Wind,3363.54
2025,5,12,6,Solar,13.89
2025,5,12,6,Wind,3229.95
2025,5,12,7,Solar,2878.87
2025,5,12,7,Wind,3079.0200000000004
2025,5,12,8,Solar,9790.7
2025,5,12,8,Wind,2854.73
2025,5,12,9,Solar,14735.71
2025,5,12,9,Wind,2663.7100000000005
2025,5,12,10,Solar,16415.370000000003
2025,5,12,10,Wind,2663.67
2025,5,12,11,Solar,17065.76
2025,5,12,11,Wind,2835.48
2025,5,12,12,Solar,17281.69
2025,5,12,12,Wind,3096.2400000000002
2025,5,12,13,Solar,17179.37
2025,5,12,13,Wind,3362.08
2025,5,12,14,Solar,16850.46
2025,5,12,14,Wind,3570.95
2025,5,12,15,Solar,16258.119999999999
2025,5,12,15,Wind,3737.81
2025,5,12,16,Solar,15223.4
2025,5,12,16,Wind,3910.2799999999997
2025,5,12,17,Solar,13691.279999999999
2025,5,12,17,Wind,4022.7000000000003
2025,5,12,18,Solar,10651.76
2025,5,12,18,Wind,4048.6299999999997
2025,5,12,19,Solar,5170.99
2025,5,12,19,Wind,3997.54
2025,5,12,20,Solar,848.74
2025,5,12,20,Wind,3808.39
2025,5,12,21,Solar,0.0
2025,5,12,21,Wind,3667.34
2025,5,12,22,Solar,0.0
2025,5,12,22,Wind,3668.66
2025,5,12,23,Solar,0.0
2025,5,12,23,Wind,3683.85
2025,5,12,24,Solar,0.0
2025,5,12,24,Wind,3728.57
2025,5,13,1,Solar,0.0
2025,5,13,1,Wind,3884.82
2025,5,13,2,Solar,0.0
2025,5,13,2,Wind,3809.25
2025,5,13,3,Solar,0.0
2025,5,13,3,Wind,3708.5899999999997
2025,5,13,4,Solar,0.0
2025,5,13,4,Wind,3582.32
2025,5,13,5,Solar,0.0
2025,5,13,5,Wind,3436.6499999999996
2025,5,13,6,Solar,13.89
2025,5,13,6,Wind,3264.3799999999997
2025,5,13,7,Solar,2882.4800000000005
2025,5,13,7,Wind,3200.18
2025,5,13,8,Solar,9899.27
2025,5,13,8,Wind,3274.2999999999997
2025,5,13,9,Solar,14976.59
2025,5,13,9,Wind,3347.44
2025,5,13,10,Solar,16597.51
2025,5,13,10,Wind,3409.03
2025,5,13,11,Solar,17202.329999999998
2025,5,13,11,Wind,3484.6
2025,5,13,12,Solar,17565.71
2025,5,13,12,Wind,3537.0899999999997
2025,5,13,13,Solar,17724.27
2025,5,13,13,Wind,3573.08
2025,5,13,14,Solar,17710.0
2025,5,13,14,Wind,3614.41
2025,5,13,15,Solar,17488.780000000002
2025,5,13,15,Wind,3642.13
2025,5,13,16,Solar,17006.43
2025,5,13,16,Wind,3671.3199999999997
2025,5,13,17,Solar,16065.63
2025,5,13,17,Wind,3717.87
2025,5,13,18,Solar,13113.21
2025,5,13,18,Wind,3738.19
2025,5,13,19,Solar,6543.82
2025,5,13,19,Wind,3732.35
2025,5,13,20,Solar,1069.43
2025,5,13,20,Wind,3701.28
2025,5,13,21,Solar,0.0
2025,5,13,21,Wind,3746.92
2025,5,13,22,Solar,0.0
2025,5,13,22,Wind,3874.93
2025,5,13,23,Solar,0.0
2025,5,13,23,Wind,3990.03
2025,5,13,24,Solar,0.0
2025,5,13,24,Wind,4055.8
2025,5,14,1,Solar,0.0
2025,5,14,1,Wind,3878.9500000000003
2025,5,14,2,Solar,0.0
2025,5,14,2,Wind,3872.63
2025,5,14,3,Solar,0.0
2025,5,14,3,Wind,3901.19
2025,5,14,4,Solar,0.0
2025,5,14,4,Wind,3896.9900000000002
2025,5,14,5,Solar,0.0
2025,5,14,5,Wind,3804.7200000000003
2025,5,14,6,Solar,20.74
2025,5,14,6,Wind,3640.2499999999995
2025,5,14,7,Solar,3328.1099999999997
2025,5,14,7,Wind,3398.0
2025,5,14,8,Solar,11107.79
2025,5,14,8,Wind,3038.6599999999994
2025,5,14,9,Solar,16307.06
2025,5,14,9,Wind,2569.64
2025,5,14,10,Solar,17738.09
2025,5,14,10,Wind,2096.22
2025,5,14,11,Solar,18271.9
2025,5,14,11,Wind,1784.63
2025,5,14,12,Solar,18527.899999999998
2025,5,14,12,Wind,1733.2799999999997
2025,5,14,13,Solar,18589.14
2025,5,14,13,Wind,1905.67
2025,5,14,14,Solar,18580.47
2025,5,14,14,Wind,2220.02
2025,5,14,15,Solar,18424.96
2025,5,14,15,Wind,2590.82
2025,5,14,16,Solar,18005.160000000003
2025,5,14,16,Wind,2929.16
2025,5,14,17,Solar,17209.56
2025,5,14,17,Wind,3217.04
2025,5,14,18,Solar,14375.52
2025,5,14,18,Wind,3490.52
2025,5,14,19,Solar,7336.139999999999
2025,5,14,19,Wind,3674.1
2025,5,14,20,Solar,1232.97
2025,5,14,20,Wind,3672.2799999999997
2025,5,14,21,Solar,0.0
2025,5,14,21,Wind,3607.9900000000002
2025,5,14,22,Solar,0.0
2025,5,14,22,Wind,3552.92
2025,5,14,23,Solar,0.0
2025,5,14,23,Wind,3481.61
2025,5,14,24,Solar,0.0
2025,5,14,24,Wind,3420.06
2025,5,15,1,Solar,0.0
2025,5,15,1,Wind,3172.65
2025,5,15,2,Solar,0.0
2025,5,15,2,Wind,2875.44
2025,5,15,3,Solar,0.0
2025,5,15,3,Wind,2677.94
2025,5,15,4,Solar,0.0
2025,5,15,4,Wind,2432.87
2025,5,15,5,Solar,0.0
2025,5,15,5,Wind,2120.05
2025,5,15,6,Solar,24.96
2025,5,15,6,Wind,1723.34
2025,5,15,7,Solar,3299.66
2025,5,15,7,Wind,1322.78
2025,5,15,8,Solar,10891.25
2025,5,15,8,Wind,968.5000000000001
2025,5,15,9,Solar,15884.289999999999
2025,5,15,9,Wind,623.9599999999999
2025,5,15,10,Solar,17295.27
2025,5,15,10,Wind,349.59000000000003
2025,5,15,11,Solar,17854.35
2025,5,15,11,Wind,214.29000000000002
2025,5,15,12,Solar,18123.07
2025,5,15,12,Wind,183.53
2025,5,15,13,Solar,18329.21
2025,5,15,13,Wind,219.65
2025,5,15,14,Solar,18453.2
2025,5,15,14,Wind,342.52
2025,5,15,15,Solar,18288.940000000002
2025,5,15,15,Wind,614.01
2025,5,15,16,Solar,17883.809999999998
2025,5,15,16,Wind,1156.51
2025,5,15,17,Solar,17139.37
2025,5,15,17,Wind,1888.6899999999998
2025,5,15,18,Solar,14403.85
2025,5,15,18,Wind,2596.7400000000002
2025,5,15,19,Solar,7414.6900000000005
2025,5,15,19,Wind,3249.8099999999995
2025,5,15,20,Solar,1265.86
2025,5,15,20,Wind,3542.8199999999997
2025,5,15,21,Solar,0.0
2025,5,15,21,Wind,3533.13
2025,5,15,22,Solar,0.0
2025,5,15,22,Wind,3525.4400000000005
2025,5,15,23,Solar,0.0
2025,5,15,23,Wind,3578.14
2025,5,15,24,Solar,0.0
2025,5,15,24,Wind,3662.43
2025,5,16,1,Solar,0.0
2025,5,16,1,Wind,3564.7799999999997
2025,5,16,2,Solar,0.0
2025,5,16,2,Wind,3458.0099999999998
2025,5,16,3,Solar,0.0
2025,5,16,3,Wind,3252.8100000000004
2025,5,16,4,Solar,0.0
2025,5,16,4,Wind,3097.15
2025,5,16,5,Solar,0.0
2025,5,16,5,Wind,2918.03
2025,5,16,6,Solar,41.61
2025,5,16,6,Wind,2708.96
2025,5,16,7,Solar,3248.6000000000004
2025,5,16,7,Wind,2505.84
2025,5,16,8,Solar,11639.48
2025,5,16,8,Wind,2258.15
2025,5,16,9,Solar,15657.77
2025,5,16,9,Wind,1965.24
2025,5,16,10,Solar,16887.57
2025,5,16,10,Wind,1697.0800000000002
2025,5,16,11,Solar,17484.84
2025,5,16,11,Wind,1373.95
2025,5,16,12,Solar,17771.83
2025,5,16,12,Wind,1174.7399999999998
2025,5,16,13,Solar,17620.96
2025,5,16,13,Wind,1260.8199999999997
2025,5,16,14,Solar,17424.73
2025,5,16,14,Wind,1553.65
2025,5,16,15,Solar,17174.71
2025,5,16,15,Wind,1949.38
2025,5,16,16,Solar,16425.11
2025,5,16,16,Wind,2266.2400000000002
2025,5,16,17,Solar,15205.68
2025,5,16,17,Wind,2488.82
2025,5,16,18,Solar,13202.77
2025,5,16,18,Wind,2739.73
2025,5,16,19,Solar,6571.37
2025,5,16,19,Wind,2964.66
2025,5,16,20,Solar,729.8699999999999
2025,5,16,20,Wind,3070.1899999999996
2025,5,16,21,Solar,0.23
2025,5,16,21,Wind,3098.9700000000003
2025,5,16,22,Solar,0.0
2025,5,16,22,Wind,3177.53
2025,5,16,23,Solar,0.0
2025,5,16,23,Wind,3289.5299999999997
2025,5,16,24,Solar,0.0
2025,5,16,24,Wind,3375.6800000000003
2025,5,17,1,Solar,0.0
2025,5,17,1,Wind,3450.3399999999997
2025,5,17,2,Solar,0.0
2025,5,17,2,Wind,3464.5099999999998
2025,5,17,3,Solar,0.0
2025,5,17,3,Wind,3481.38
2025,5,17,4,Solar,0.0
2025,5,17,4,Wind,3487.3199999999997
2025,5,17,5,Solar,0.0
2025,5,17,5,Wind,3463.9099999999994
2025,5,17,6,Solar,40.050000000000004
2025,5,17,6,Wind,3409.8100000000004
2025,5,17,7,Solar,2996.96
2025,5,17,7,Wind,3362.39
2025,5,17,8,Solar,10499.650000000001
2025,5,17,8,Wind,3290.4500000000003
2025,5,17,9,Solar,14154.49
2025,5,17,9,Wind,3308.29
2025,5,17,10,Solar,15520.08
2025,5,17,10,Wind,3471.15
2025,5,17,11,Solar,15873.69
2025,5,17,11,Wind,3675.28
2025,5,17,12,Solar,16407.68
2025,5,17,12,Wind,3975.5600000000004
2025,5,17,13,Solar,16710.22
2025,5,17,13,Wind,4246.0
2025,5,17,14,Solar,16340.85
2025,5,17,14,Wind,4392.78
2025,5,17,15,Solar,16422.17
2025,5,17,15,Wind,4443.71
2025,5,17,16,Solar,16263.920000000002
2025,5,17,16,Wind,4469.54
2025,5,17,17,Solar,15201.02
2025,5,17,17,Wind,4430.55
2025,5,17,18,Solar,13568.88
2025,5,17,18,Wind,4332.79
2025,5,17,19,Solar,6986.700000000001
2025,5,17,19,Wind,4203.59
2025,5,17,20,Solar,802.74
2025,5,17,20,Wind,4033.6099999999997
2025,5,17,21,Solar,0.25
2025,5,17,21,Wind,3930.15
2025,5,17,22,Solar,0.0
2025,5,17,22,Wind,3893.94
2025,5,17,23,Solar,0.0
2025,5,17,23,Wind,3929.5099999999998
2025,5,17,24,Solar,0.0
2025,5,17,24,Wind,4014.63
2025,5,18,1,Solar,0.0
2025,5,18,1,Wind,4241.08
2025,5,18,2,Solar,0.0
2025,5,18,2,Wind,4229.889999999999
2025,5,18,3,Solar,0.0
2025,5,18,3,Wind,4155.5199999999995
2025,5,18,4,Solar,0.0
2025,5,18,4,Wind,4078.59
2025,5,18,5,Solar,0.0
2025,5,18,5,Wind,4007.86
2025,5,18,6,Solar,50.470000000000006
2025,5,18,6,Wind,3883.04
2025,5,18,7,Solar,3538.1900000000005
2025,5,18,7,Wind,3719.06
2025,5,18,8,Solar,12458.5
2025,5,18,8,Wind,3542.89
2025,5,18,9,Solar,16675.49
2025,5,18,9,Wind,3349.64
2025,5,18,10,Solar,18114.98
2025,5,18,10,Wind,3200.11
2025,5,18,11,Solar,18849.48
2025,5,18,11,Wind,3159.56
2025,5,18,12,Solar,19226.65
2025,5,18,12,Wind,3218.7400000000002
2025,5,18,13,Solar,19304.949999999997
2025,5,18,13,Wind,3302.94
2025,5,18,14,Solar,19268.55
2025,5,18,14,Wind,3387.6600000000003
2025,5,18,15,Solar,19061.47
2025,5,18,15,Wind,3464.77
2025,5,18,16,Solar,18498.71
2025,5,18,16,Wind,3559.7599999999998
2025,5,18,17,Solar,17437.7
2025,5,18,17,Wind,3672.54
2025,5,18,18,Solar,15202.039999999999
2025,5,18,18,Wind,3766.62
2025,5,18,19,Solar,7762.17
2025,5,18,19,Wind,3865.2
2025,5,18,20,Solar,903.9300000000001
2025,5,18,20,Wind,3981.5299999999997
2025,5,18,21,Solar,0.29000000000000004
2025,5,18,21,Wind,4022.2000000000003
2025,5,18,22,Solar,0.0
2025,5,18,22,Wind,4025.67
2025,5,18,23,Solar,0.0
2025,5,18,23,Wind,4032.7700000000004
2025,5,18,24,Solar,0.0
2025,5,18,24,Wind,3974.11
2025,5,19,1,Solar,0.0
2025,5,19,1,Wind,3836.77
2025,5,19,2,Solar,0.0
2025,5,19,2,Wind,3622.5299999999997
2025,5,19,3,Solar,0.0
2025,5,19,3,Wind,3365.72
2025,5,19,4,Solar,0.0
2025,5,19,4,Wind,3039.58
2025,5,19,5,Solar,0.0
2025,5,19,5,Wind,2690.9100000000003
2025,5,19,6,Solar,53.88
2025,5,19,6,Wind,2368.9900000000002
2025,5,19,7,Solar,3704.7
2025,5,19,7,Wind,2042.11
2025,5,19,8,Solar,13026.32
2025,5,19,8,Wind,1677.74
2025,5,19,9,Solar,17299.96
2025,5,19,9,Wind,1343.73
2025,5,19,10,Solar,18562.57
2025,5,19,10,Wind,1121.39
2025,5,19,11,Solar,19229.329999999998
2025,5,19,11,Wind,997.16
2025,5,19,12,Solar,19535.18
2025,5,19,12,Wind,1001.48
2025,5,19,13,Solar,19678.53
2025,5,19,13,Wind,1167.6
2025,5,19,14,Solar,19642.47
2025,5,19,14,Wind,1495.23
2025,5,19,15,Solar,19479.39
2025,5,19,15,Wind,2041.0099999999998
2025,5,19,16,Solar,18959.7
2025,5,19,16,Wind,2696.3199999999997
2025,5,19,17,Solar,17980.68
2025,5,19,17,Wind,3302.46
2025,5,19,18,Solar,15638.43
2025,5,19,18,Wind,3761.67
2025,5,19,19,Solar,8041.35
2025,5,19,19,Wind,4029.31
2025,5,19,20,Solar,954.17
2025,5,19,20,Wind,4128.35
2025,5,19,21,Solar,0.53
2025,5,19,21,Wind,4079.69
2025,5,19,22,Solar,0.0
2025,5,19,22,Wind,4000.54
2025,5,19,23,Solar,0.0
2025,5,19,23,Wind,3914.11
2025,5,19,24,Solar,0.0
2025,5,19,24,Wind,3814.0499999999997
2025,5,20,1,Solar,0.0
2025,5,20,1,Wind,3920.5200000000004
2025,5,20,2,Solar,0.0
2025,5,20,2,Wind,3774.61
2025,5,20,3,Solar,0.0
2025,5,20,3,Wind,3620.21
2025,5,20,4,Solar,0.0
2025,5,20,4,Wind,3422.03
2025,5,20,5,Solar,0.0
2025,5,20,5,Wind,3183.76
2025,5,20,6,Solar,58.26
2025,5,20,6,Wind,2926.41
2025,5,20,7,Solar,3872.13
2025,5,20,7,Wind,2597.68
2025,5,20,8,Solar,12070.650000000001
2025,5,20,8,Wind,2087.61
2025,5,20,9,Solar,17098.04
2025,5,20,9,Wind,1521.6500000000003
2025,5,20,10,Solar,18469.32
2025,5,20,10,Wind,1102.56
2025,5,20,11,Solar,19023.059999999998
2025,5,20,11,Wind,830.6700000000001
2025,5,20,12,Solar,19320.35
2025,5,20,12,Wind,717.5
2025,5,20,13,Solar,19398.39
2025,5,20,13,Wind,773.02
2025,5,20,14,Solar,19364.68
2025,5,20,14,Wind,1000.0600000000001
2025,5,20,15,Solar,19195.739999999998
2025,5,20,15,Wind,1413.51
2025,5,20,16,Solar,18758.41
2025,5,20,16,Wind,1964.0900000000001
2025,5,20,17,Solar,17996.01
2025,5,20,17,Wind,2525.7400000000002
2025,5,20,18,Solar,15388.39
2025,5,20,18,Wind,2993.6400000000003
2025,5,20,19,Solar,8311.78
2025,5,20,19,Wind,3333.5699999999997
2025,5,20,20,Solar,1583.69
2025,5,20,20,Wind,3541.98
2025,5,20,21,Solar,0.16
2025,5,20,21,Wind,3638.1099999999997
2025,5,20,22,Solar,0.0
2025,5,20,22,Wind,3658.9799999999996
2025,5,20,23,Solar,0.0
2025,5,20,23,Wind,3649.02
2025,5,20,24,Solar,0.0
2025,5,20,24,Wind,3616.32
2025,5,21,1,Solar,0.0
2025,5,21,1,Wind,3663.28
2025,5,21,2,Solar,0.0
2025,5,21,2,Wind,3610.76
2025,5,21,3,Solar,0.0
2025,5,21,3,Wind,3465.54
2025,5,21,4,Solar,0.0
2025,5,21,4,Wind,3219.0400000000004
2025,5,21,5,Solar,0.0
2025,5,21,5,Wind,2886.5899999999997
2025,5,21,6,Solar,66.34
2025,5,21,6,Wind,2518.04
2025,5,21,7,Solar,3951.75
2025,5,21,7,Wind,2103.64
2025,5,21,8,Solar,12189.8
2025,5,21,8,Wind,1588.7300000000002
2025,5,21,9,Solar,17184.7
2025,5,21,9,Wind,1050.6200000000001
2025,5,21,10,Solar,18557.559999999998
2025,5,21,10,Wind,626.82
2025,5,21,11,Solar,19127.86
2025,5,21,11,Wind,384.02
2025,5,21,12,Solar,19412.41
2025,5,21,12,Wind,359.55
2025,5,21,13,Solar,19470.44
2025,5,21,13,Wind,513.77
2025,5,21,14,Solar,19440.74
2025,5,21,14,Wind,859.91
2025,5,21,15,Solar,19283.449999999997
2025,5,21,15,Wind,1413.45
2025,5,21,16,Solar,18836.52
2025,5,21,16,Wind,2125.06
2025,5,21,17,Solar,18055.89
2025,5,21,17,Wind,2813.78
2025,5,21,18,Solar,15450.71
2025,5,21,18,Wind,3329.8399999999997
2025,5,21,19,Solar,8379.23
2025,5,21,19,Wind,3585.7200000000003
2025,5,21,20,Solar,1617.6599999999999
2025,5,21,20,Wind,3634.1
2025,5,21,21,Solar,0.17
2025,5,21,21,Wind,3727.0299999999997
2025,5,21,22,Solar,0.0
2025,5,21,22,Wind,3836.2999999999997
2025,5,21,23,Solar,0.0
2025,5,21,23,Wind,3913.1500000000005
2025,5,21,24,Solar,0.0
2025,5,21,24,Wind,4032.35
2025,5,22,1,Solar,0.0
2025,5,22,1,Wind,4235.68
2025,5,22,2,Solar,0.0
2025,5,22,2,Wind,4321.91
2025,5,22,3,Solar,0.0
2025,5,22,3,Wind,4309.13
2025,5,22,4,Solar,0.0
2025,5,22,4,Wind,4236.14
2025,5,22,5,Solar,0.0
2025,5,22,5,Wind,4107.86
2025,5,22,6,Solar,70.14
2025,5,22,6,Wind,3977.5699999999997
2025,5,22,7,Solar,3797.42
2025,5,22,7,Wind,3869.1000000000004
2025,5,22,8,Solar,11699.71
2025,5,22,8,Wind,3740.79
2025,5,22,9,Solar,16754.07
2025,5,22,9,Wind,3631.2299999999996
2025,5,22,10,Solar,18325.08
2025,5,22,10,Wind,3589.77
2025,5,22,11,Solar,18971.850000000002
2025,5,22,11,Wind,3639.5699999999997
2025,5,22,12,Solar,19276.63
2025,5,22,12,Wind,3742.2400000000002
2025,5,22,13,Solar,19333.23
2025,5,22,13,Wind,3856.93
2025,5,22,14,Solar,19307.879999999997
2025,5,22,14,Wind,4043.35
2025,5,22,15,Solar,19129.35
2025,5,22,15,Wind,4274.54
2025,5,22,16,Solar,18571.03
2025,5,22,16,Wind,4468.56
2025,5,22,17,Solar,17505.45
2025,5,22,17,Wind,4581.19
2025,5,22,18,Solar,14543.580000000002
2025,5,22,18,Wind,4619.52
2025,5,22,19,Solar,7795.97
2025,5,22,19,Wind,4572.639999999999
2025,5,22,20,Solar,1538.8799999999999
2025,5,22,20,Wind,4422.23
2025,5,22,21,Solar,0.33
2025,5,22,21,Wind,4305.37
2025,5,22,22,Solar,0.0
2025,5,22,22,Wind,4266.32
2025,5,22,23,Solar,0.0
2025,5,22,23,Wind,4255.28
2025,5,22,24,Solar,0.0
2025,5,22,24,Wind,4279.43
2025,5,23,1,Solar,0.0
2025,5,23,1,Wind,4397.64
2025,5,23,2,Solar,0.0
2025,5,23,2,Wind,4377.04
2025,5,23,3,Solar,0.0
2025,5,23,3,Wind,4324.93
2025,5,23,4,Solar,0.0
2025,5,23,4,Wind,4267.2699999999995
2025,5,23,5,Solar,0.0
2025,5,23,5,Wind,4194.1900000000005
2025,5,23,6,Solar,81.3
2025,5,23,6,Wind,4103.34
2025,5,23,7,Solar,4027.2200000000003
2025,5,23,7,Wind,4009.62
2025,5,23,8,Solar,12187.35
2025,5,23,8,Wind,3807.8500000000004
2025,5,23,9,Solar,17099.31
2025,5,23,9,Wind,3452.63
2025,5,23,10,Solar,18469.86
2025,5,23,10,Wind,3091.78
2025,5,23,11,Solar,19050.510000000002
2025,5,23,11,Wind,2846.94
2025,5,23,12,Solar,19321.9
2025,5,23,12,Wind,2790.2700000000004
2025,5,23,13,Solar,19335.87
2025,5,23,13,Wind,2897.62
2025,5,23,14,Solar,19264.97
2025,5,23,14,Wind,3116.63
2025,5,23,15,Solar,19081.93
2025,5,23,15,Wind,3364.46
2025,5,23,16,Solar,18581.129999999997
2025,5,23,16,Wind,3609.65
2025,5,23,17,Solar,17668.690000000002
2025,5,23,17,Wind,3843.3700000000003
2025,5,23,18,Solar,14879.91
2025,5,23,18,Wind,4033.0499999999997
2025,5,23,19,Solar,8024.38
2025,5,23,19,Wind,4147.81
2025,5,23,20,Solar,1570.05
2025,5,23,20,Wind,4150.43
2025,5,23,21,Solar,0.72
2025,5,23,21,Wind,4129.13
2025,5,23,22,Solar,0.0
2025,5,23,22,Wind,4120.47
2025,5,23,23,Solar,0.0
2025,5,23,23,Wind,4114.36
2025,5,23,24,Solar,0.0
2025,5,23,24,Wind,4173.93
2025,5,24,1,Solar,0.0
2025,5,24,1,Wind,3928.0099999999998
2025,5,24,2,Solar,0.0
2025,5,24,2,Wind,3938.01
2025,5,24,3,Solar,0.0
2025,5,24,3,Wind,3990.8199999999997
2025,5,24,4,Solar,0.0
2025,5,24,4,Wind,4042.8199999999997
2025,5,24,5,Solar,0.0
2025,5,24,5,Wind,3989.1399999999994
2025,5,24,6,Solar,52.12
2025,5,24,6,Wind,3962.39
2025,5,24,7,Solar,3485.2700000000004
2025,5,24,7,Wind,3953.1899999999996
2025,5,24,8,Solar,11142.75
2025,5,24,8,Wind,3831.59
2025,5,24,9,Solar,16332.61
2025,5,24,9,Wind,3738.12
2025,5,24,10,Solar,18078.649999999998
2025,5,24,10,Wind,3738.84
2025,5,24,11,Solar,18824.83
2025,5,24,11,Wind,3682.44
2025,5,24,12,Solar,19181.87
2025,5,24,12,Wind,3640.3899999999994
2025,5,24,13,Solar,19269.39
2025,5,24,13,Wind,3683.14
2025,5,24,14,Solar,19228.69
2025,5,24,14,Wind,3811.71
2025,5,24,15,Solar,19041.36
2025,5,24,15,Wind,4029.22
2025,5,24,16,Solar,18577.530000000002
2025,5,24,16,Wind,4274.26
2025,5,24,17,Solar,17749.55
2025,5,24,17,Wind,4426.46
2025,5,24,18,Solar,15122.87
2025,5,24,18,Wind,4505.52
2025,5,24,19,Solar,8290.02
2025,5,24,19,Wind,4543.89
2025,5,24,20,Solar,1666.05
2025,5,24,20,Wind,4509.240000000001
2025,5,24,21,Solar,1.33
2025,5,24,21,Wind,4537.74
2025,5,24,22,Solar,0.0
2025,5,24,22,Wind,4632.54
2025,5,24,23,Solar,0.0
2025,5,24,23,Wind,4710.53
2025,5,24,24,Solar,0.0
2025,5,24,24,Wind,4735.67
2025,5,25,1,Solar,0.0
2025,5,25,1,Wind,4627.05
2025,5,25,2,Solar,0.0
2025,5,25,2,Wind,4564.57
2025,5,25,3,Solar,0.0
2025,5,25,3,Wind,4482.84
2025,5,25,4,Solar,0.0
2025,5,25,4,Wind,4400.64
2025,5,25,5,Solar,0.0
2025,5,25,5,Wind,4295.53
2025,5,25,6,Solar,72.89
2025,5,25,6,Wind,4195.860000000001
2025,5,25,7,Solar,3906.35
2025,5,25,7,Wind,4141.28
2025,5,25,8,Solar,11945.74
2025,5,25,8,Wind,4004.1000000000004
2025,5,25,9,Solar,16896.280000000002
2025,5,25,9,Wind,3661.9400000000005
2025,5,25,10,Solar,18352.93
2025,5,25,10,Wind,3099.08
2025,5,25,11,Solar,18973.97
2025,5,25,11,Wind,2508.81
2025,5,25,12,Solar,19272.44
2025,5,25,12,Wind,2194.3
2025,5,25,13,Solar,19318.82
2025,5,25,13,Wind,2200.57
2025,5,25,14,Solar,19230.8
2025,5,25,14,Wind,2518.41
2025,5,25,15,Solar,18984.539999999997
2025,5,25,15,Wind,3116.45
2025,5,25,16,Solar,18485.15
2025,5,25,16,Wind,3827.92
2025,5,25,17,Solar,17659.03
2025,5,25,17,Wind,4328.299999999999
2025,5,25,18,Solar,15091.93
2025,5,25,18,Wind,4541.84
2025,5,25,19,Solar,8341.17
2025,5,25,19,Wind,4600.77
2025,5,25,20,Solar,1711.55
2025,5,25,20,Wind,4596.3
2025,5,25,21,Solar,3.25
2025,5,25,21,Wind,4600.89
2025,5,25,22,Solar,0.0
2025,5,25,22,Wind,4597.75
2025,5,25,23,Solar,0.0
2025,5,25,23,Wind,4570.37
2025,5,25,24,Solar,0.0
2025,5,25,24,Wind,4555.5
2025,5,26,1,Solar,0.0
2025,5,26,1,Wind,4565.39
2025,5,26,2,Solar,0.0
2025,5,26,2,Wind,4522.5
2025,5,26,3,Solar,0.0
2025,5,26,3,Wind,4455.91
2025,5,26,4,Solar,0.0
2025,5,26,4,Wind,4358.71
2025,5,26,5,Solar,0.0
2025,5,26,5,Wind,4247.88
2025,5,26,6,Solar,83.52
2025,5,26,6,Wind,4120.51
2025,5,26,7,Solar,3783.37
2025,5,26,7,Wind,3982.8399999999997
2025,5,26,8,Solar,11450.869999999999
2025,5,26,8,Wind,3811.26
2025,5,26,9,Solar,16364.93
2025,5,26,9,Wind,3572.3300000000004
2025,5,26,10,Solar,18053.29
2025,5,26,10,Wind,3303.75
2025,5,26,11,Solar,18782.84
2025,5,26,11,Wind,3087.6799999999994
2025,5,26,12,Solar,19131.32
2025,5,26,12,Wind,3027.7200000000003
2025,5,26,13,Solar,19191.93
2025,5,26,13,Wind,3163.92
2025,5,26,14,Solar,19096.18
2025,5,26,14,Wind,3403.1800000000003
2025,5,26,15,Solar,18774.81
2025,5,26,15,Wind,3623.55
2025,5,26,16,Solar,18086.88
2025,5,26,16,Wind,3838.7799999999997
2025,5,26,17,Solar,17004.02
2025,5,26,17,Wind,4017.62
2025,5,26,18,Solar,14163.820000000002
2025,5,26,18,Wind,4123.0199999999995
2025,5,26,19,Solar,7696.570000000001
2025,5,26,19,Wind,4154.7
2025,5,26,20,Solar,1580.35
2025,5,26,20,Wind,4155.98
2025,5,26,21,Solar,1.56
2025,5,26,21,Wind,4177.71
2025,5,26,22,Solar,0.0
2025,5,26,22,Wind,4168.28
2025,5,26,23,Solar,0.0
2025,5,26,23,Wind,4136.71
2025,5,26,24,Solar,0.0
2025,5,26,24,Wind,4090.2
2025,5,27,1,Solar,0.0
2025,5,27,1,Wind,3773.7
2025,5,27,2,Solar,0.0
2025,5,27,2,Wind,3488.7400000000002
2025,5,27,3,Solar,0.0
2025,5,27,3,Wind,3278.02
2025,5,27,4,Solar,0.0
2025,5,27,4,Wind,3076.37
2025,5,27,5,Solar,0.0
2025,5,27,5,Wind,2693.45
2025,5,27,6,Solar,53.11
2025,5,27,6,Wind,2172.6
2025,5,27,7,Solar,3542.1800000000003
2025,5,27,7,Wind,1631.93
2025,5,27,8,Solar,11194.82
2025,5,27,8,Wind,1099.77
2025,5,27,9,Solar,16257.019999999999
2025,5,27,9,Wind,618.74
2025,5,27,10,Solar,17930.649999999998
2025,5,27,10,Wind,349.5
2025,5,27,11,Solar,18657.68
2025,5,27,11,Wind,301.72
2025,5,27,12,Solar,18996.88
2025,5,27,12,Wind,342.57
2025,5,27,13,Solar,19063.98
2025,5,27,13,Wind,382.43
2025,5,27,14,Solar,18997.2
2025,5,27,14,Wind,411.37
2025,5,27,15,Solar,18763.08
2025,5,27,15,Wind,452.71
2025,5,27,16,Solar,18247.41
2025,5,27,16,Wind,558.28
2025,5,27,17,Solar,17407.55
2025,5,27,17,Wind,758.6
2025,5,27,18,Solar,14855.84
2025,5,27,18,Wind,1074.07
2025,5,27,19,Solar,8286.740000000002
2025,5,27,19,Wind,1537.97
2025,5,27,20,Solar,1747.13
2025,5,27,20,Wind,2099.6099999999997
2025,5,27,21,Solar,2.1199999999999997
2025,5,27,21,Wind,2519.1699999999996
2025,5,27,22,Solar,0.0
2025,5,27,22,Wind,2690.79
2025,5,27,23,Solar,0.0
2025,5,27,23,Wind,2719.92
2025,5,27,24,Solar,0.0
2025,5,27,24,Wind,2651.2599999999998
2025,5,28,1,Solar,0.0
2025,5,28,1,Wind,2374.5
2025,5,28,2,Solar,0.0
2025,5,28,2,Wind,2219.09
2025,5,28,3,Solar,0.0
2025,5,28,3,Wind,2009.78
2025,5,28,4,Solar,0.0
2025,5,28,4,Wind,1772.8799999999999
2025,5,28,5,Solar,0.0
2025,5,28,5,Wind,1609.29
2025,5,28,6,Solar,95.78999999999999
2025,5,28,6,Wind,1528.5900000000001
2025,5,28,7,Solar,4041.95
2025,5,28,7,Wind,1399.92
2025,5,28,8,Solar,12078.509999999998
2025,5,28,8,Wind,1196.04
2025,5,28,9,Solar,16887.32
2025,5,28,9,Wind,1023.34
2025,5,28,10,Solar,18212.25
2025,5,28,10,Wind,933.21
2025,5,28,11,Solar,18754.8
2025,5,28,11,Wind,908.36
2025,5,28,12,Solar,18915.28
2025,5,28,12,Wind,951.52
2025,5,28,13,Solar,18771.4
2025,5,28,13,Wind,1053.55
2025,5,28,14,Solar,18497.08
2025,5,28,14,Wind,1157.93
2025,5,28,15,Solar,17972.28
2025,5,28,15,Wind,1266.52
2025,5,28,16,Solar,16999.07
2025,5,28,16,Wind,1480.6599999999999
2025,5,28,17,Solar,15316.95
2025,5,28,17,Wind,1893.93
2025,5,28,18,Solar,12131.63
2025,5,28,18,Wind,2447.75
2025,5,28,19,Solar,6474.51
2025,5,28,19,Wind,2962.27
2025,5,28,20,Solar,1358.3600000000001
2025,5,28,20,Wind,3452.04
2025,5,28,21,Solar,4.069999999999999
2025,5,28,21,Wind,3916.0899999999997
2025,5,28,22,Solar,0.0
2025,5,28,22,Wind,4207.1900000000005
2025,5,28,23,Solar,0.0
2025,5,28,23,Wind,4330.43
2025,5,28,24,Solar,0.0
2025,5,28,24,Wind,4381.56
2025,5,29,1,Solar,0.0
2025,5,29,1,Wind,4434.0199999999995
2025,5,29,2,Solar,0.0
2025,5,29,2,Wind,4358.07
2025,5,29,3,Solar,0.0
2025,5,29,3,Wind,4260.86
2025,5,29,4,Solar,0.0
2025,5,29,4,Wind,4110.59
2025,5,29,5,Solar,0.0
2025,5,29,5,Wind,3864.47
2025,5,29,6,Solar,52.29
2025,5,29,6,Wind,3515.99
2025,5,29,7,Solar,3450.72
2025,5,29,7,Wind,3054.8700000000003
2025,5,29,8,Solar,10677.57
2025,5,29,8,Wind,2412.75
2025,5,29,9,Solar,15396.619999999999
2025,5,29,9,Wind,1712.4999999999998
2025,5,29,10,Solar,17124.71
2025,5,29,10,Wind,1152.75
2025,5,29,11,Solar,17958.85
2025,5,29,11,Wind,777.48
2025,5,29,12,Solar,18317.18
2025,5,29,12,Wind,570.1
2025,5,29,13,Solar,18300.81
2025,5,29,13,Wind,512.2
2025,5,29,14,Solar,18108.99
2025,5,29,14,Wind,589.06
2025,5,29,15,Solar,17759.51
2025,5,29,15,Wind,778.4
2025,5,29,16,Solar,17060.59
2025,5,29,16,Wind,1123.94
2025,5,29,17,Solar,15770.970000000001
2025,5,29,17,Wind,1673.4499999999998
2025,5,29,18,Solar,13057.0
2025,5,29,18,Wind,2326.33
2025,5,29,19,Solar,7333.109999999999
2025,5,29,19,Wind,2816.4100000000003
2025,5,29,20,Solar,1624.0
2025,5,29,20,Wind,3073.9
2025,5,29,21,Solar,0.71
2025,5,29,21,Wind,3145.8799999999997
2025,5,29,22,Solar,0.0
2025,5,29,22,Wind,3023.53
2025,5,29,23,Solar,0.0
2025,5,29,23,Wind,2842.8199999999997
2025,5,29,24,Solar,0.0
2025,5,29,24,Wind,2652.99
2025,5,30,1,Solar,0.0
2025,5,30,1,Wind,2391.94
2025,5,30,2,Solar,0.0
2025,5,30,2,Wind,2054.7
2025,5,30,3,Solar,0.0
2025,5,30,3,Wind,1607.8899999999999
2025,5,30,4,Solar,0.0
2025,5,30,4,Wind,1161.47
2025,5,30,5,Solar,0.0
2025,5,30,5,Wind,790.8
2025,5,30,6,Solar,77.96000000000001
2025,5,30,6,Wind,568.78
2025,5,30,7,Solar,3962.7200000000003
2025,5,30,7,Wind,448.29
2025,5,30,8,Solar,11917.050000000001
2025,5,30,8,Wind,350.81
2025,5,30,9,Solar,16643.67
2025,5,30,9,Wind,286.49
2025,5,30,10,Solar,17990.39
2025,5,30,10,Wind,292.29
2025,5,30,11,Solar,18590.84
2025,5,30,11,Wind,343.53
2025,5,30,12,Solar,18853.25
2025,5,30,12,Wind,398.54
2025,5,30,13,Solar,18853.809999999998
2025,5,30,13,Wind,428.33
2025,5,30,14,Solar,18741.05
2025,5,30,14,Wind,449.38
2025,5,30,15,Solar,18447.5
2025,5,30,15,Wind,490.35
2025,5,30,16,Solar,17800.43
2025,5,30,16,Wind,561.5600000000001
2025,5,30,17,Solar,16728.190000000002
2025,5,30,17,Wind,657.88
2025,5,30,18,Solar,13948.039999999999
2025,5,30,18,Wind,743.1400000000001
2025,5,30,19,Solar,7734.839999999999
2025,5,30,19,Wind,816.9699999999999
2025,5,30,20,Solar,1694.32
2025,5,30,20,Wind,937.34
2025,5,30,21,Solar,0.8
2025,5,30,21,Wind,1220.93
2025,5,30,22,Solar,0.0
2025,5,30,22,Wind,1539.59
2025,5,30,23,Solar,0.0
2025,5,30,23,Wind,1749.62
2025,5,30,24,Solar,0.0
2025,5,30,24,Wind,1904.85
